{
  "final_rewards": {
    "player_0": 0.0,
    "player_1": 0.3333333333333333,
    "player_2": 0.3333333333333333,
    "player_3": 0.3333333333333333
  }
}